Model,Accuracy,Precision,Recall,F1-Score
XGBoost,0.9428571428571428,0.9481593987407941,0.9428571428571428,0.9427394902006584
Gradient Boosting,0.9238095238095239,0.9301930848152418,0.9238095238095239,0.9236048699539193
Random Forest,0.9285714285714286,0.934037993534561,0.9285714285714286,0.9284137098155142
Logistic Regression,0.8809523809523809,0.8923187809806808,0.8809523809523809,0.8802656100701164
SVM,0.8873015873015873,0.8917749943846794,0.8873015873015873,0.88708578418976
