Model,Accuracy,Precision,Recall,F1-Score
XGBoost,0.9317460317460318,0.9350269094245761,0.9317460317460318,0.9316670410689487
Gradient Boosting,0.9222222222222223,0.9276209848292228,0.9222222222222223,0.9220504840213376
Random Forest,0.9222222222222223,0.9270234060108199,0.9222222222222223,0.922073287680257
Logistic Regression,0.8634920634920635,0.8876115553716303,0.8634920634920635,0.8616463270839272
SVM,0.8777777777777778,0.8890608502457328,0.8777777777777778,0.8770726930053194
TabNet,0.9047619047619048,0.908601371583116,0.9047619047619048,0.9046177865849997
